[{"NE_name": "MXLU41", "RET_DEVICE_NO": "_0_1_2", "RET_DEVICE_NAME,": "_MXLU41S0_MXLU41S1_MXLU41S2"}, {"NE_name": "MXLR56", "RET_DEVICE_NO": "_0_1_2_7_8_9", "RET_DEVICE_NAME,": "_MXLR56S0_MXLR56S1_MXLR56S2_MXLR56S7_MXLR56S8_MXLR56S9"}, {"NE_name": "MXLL94", "RET_DEVICE_NO": "_0_1_7_8_20_21", "RET_DEVICE_NAME,": "_MXLL94S0_MXLL94S1_MXLL94S7_MXLL94S8_MXLL94S20_MXLL94S21"}, {"NE_name": "MXLB1F", "RET_DEVICE_NO": "", "RET_DEVICE_NAME,": ""}, {"NE_name": "MXL978", "RET_DEVICE_NO": "_20_21_22", "RET_DEVICE_NAME,": "_MXL978S20_MXL978S21_MXL978S22"}, {"NE_name": "MXLI11", "RET_DEVICE_NO": "_0_1_7_8_17_18_30_31", "RET_DEVICE_NAME,": "_MXLI11S0_MXLI11S1_MXLI11S7_MXLI11S8_MXLI11S17_MXLI11S18_MXLI11S30_MXLI11S31"}, {"NE_name": "MXL015", "RET_DEVICE_NO": "_0_1_2_20_21_22", "RET_DEVICE_NAME,": "_MXL015S0_MXL015S1_MXL015S2_MXL015S20_MXL015S21_MXL015S22"}, {"NE_name": "MXL0N2", "RET_DEVICE_NO": "_0_1_2_20_21_22", "RET_DEVICE_NAME,": "_MXL0N2S0_MXL0N2S1_MXL0N2S2_MXL0N2S20_MXL0N2S21_MXL0N2S22"}, {"NE_name": "MXLJ94", "RET_DEVICE_NO": "_0_1_2", "RET_DEVICE_NAME,": "_MXLJ94S0_MXLJ94S1_MXLJ94S2"}, {"NE_name": "MXLA5A", "RET_DEVICE_NO": "_0_1_2", "RET_DEVICE_NAME,": "_MXLA5AS0_MXLA5AS1_MXLA5AS2"}, {"NE_name": "MXLQ90", "RET_DEVICE_NO": "_0_1_2", "RET_DEVICE_NAME,": "_MXLQ90S0_MXLQ90S1_MXLQ90S2"}, {"NE_name": "MXL2J4", "RET_DEVICE_NO": "_20_21_22", "RET_DEVICE_NAME,": "_MXL2J4S20_MXL2J4S21_MXL2J4S22"}, {"NE_name": "MXLH58", "RET_DEVICE_NO": "", "RET_DEVICE_NAME,": ""}, {"NE_name": "MXL583", "RET_DEVICE_NO": "", "RET_DEVICE_NAME,": ""}, {"NE_name": "MXLV47", "RET_DEVICE_NO": "", "RET_DEVICE_NAME,": ""}, {"NE_name": "MXLT06", "RET_DEVICE_NO": "_20_21_22", "RET_DEVICE_NAME,": "_MXLT06S20_MXLT06S21_MXLT06S22"}, {"NE_name": "MXLE78", "RET_DEVICE_NO": "_0", "RET_DEVICE_NAME,": "_MXLE78S0"}, {"NE_name": "MXLE38", "RET_DEVICE_NO": "_0_1_2", "RET_DEVICE_NAME,": "_MXLE38S0_MXLE38S1_MXLE38S2"}, {"NE_name": "MXL6E7", "RET_DEVICE_NO": "_0_1_2_7_8_9", "RET_DEVICE_NAME,": "_MXL6E7S0_MXL6E7S1_MXL6E7S2_MXL6E7S7_MXL6E7S8_MXL6E7S9"}, {"NE_name": "MXLA8N", "RET_DEVICE_NO": "_0_1_2_7_8_9", "RET_DEVICE_NAME,": "_MXLA8NS0_MXLA8NS1_MXLA8NS2_MXLA8NS7_MXLA8NS8_MXLA8NS9"}, {"NE_name": "MXL199", "RET_DEVICE_NO": "_0", "RET_DEVICE_NAME,": "_MXL199S0"}, {"NE_name": "MXLA6M", "RET_DEVICE_NO": "_0_1_2", "RET_DEVICE_NAME,": "_MXLA6MS0_MXLA6MS1_MXLA6MS2"}, {"NE_name": "MXL8Y1", "RET_DEVICE_NO": "_20_21_22", "RET_DEVICE_NAME,": "_MXL8Y1S20_MXL8Y1S21_MXL8Y1S22"}, {"NE_name": "MXL744", "RET_DEVICE_NO": "_0_1_2", "RET_DEVICE_NAME,": "_MXL744S0_MXL744S1_MXL744S2"}]