NE_name,RET_DEVICE_NO,RET_DEVICE_NAME
MXLU41,_0_1_2,_MXLU41S0_MXLU41S1_MXLU41S2
MXLR56,_0_1_2_7_8_9,_MXLR56S0_MXLR56S1_MXLR56S2_MXLR56S7_MXLR56S8_MXLR56S9
MXLL94,_0_1_7_8_20_21,_MXLL94S0_MXLL94S1_MXLL94S7_MXLL94S8_MXLL94S20_MXLL94S21
MXLB1F,,
MXL978,_20_21_22,_MXL978S20_MXL978S21_MXL978S22
MXLI11,_0_1_7_8_17_18_30_31,_MXLI11S0_MXLI11S1_MXLI11S7_MXLI11S8_MXLI11S17_MXLI11S18_MXLI11S30_MXLI11S31
MXL015,_0_1_2_20_21_22,_MXL015S0_MXL015S1_MXL015S2_MXL015S20_MXL015S21_MXL015S22
MXL0N2,_0_1_2_20_21_22,_MXL0N2S0_MXL0N2S1_MXL0N2S2_MXL0N2S20_MXL0N2S21_MXL0N2S22
MXLJ94,_0_1_2,_MXLJ94S0_MXLJ94S1_MXLJ94S2
MXLA5A,_0_1_2,_MXLA5AS0_MXLA5AS1_MXLA5AS2
MXLQ90,_0_1_2,_MXLQ90S0_MXLQ90S1_MXLQ90S2
MXL2J4,_20_21_22,_MXL2J4S20_MXL2J4S21_MXL2J4S22
MXLH58,,
MXL583,,
MXLV47,,
MXLT06,_20_21_22,_MXLT06S20_MXLT06S21_MXLT06S22
MXLE78,_0,_MXLE78S0
MXLE38,_0_1_2,_MXLE38S0_MXLE38S1_MXLE38S2
MXL6E7,_0_1_2_7_8_9,_MXL6E7S0_MXL6E7S1_MXL6E7S2_MXL6E7S7_MXL6E7S8_MXL6E7S9
MXLA8N,_0_1_2_7_8_9,_MXLA8NS0_MXLA8NS1_MXLA8NS2_MXLA8NS7_MXLA8NS8_MXLA8NS9
MXL199,_0,_MXL199S0
MXLA6M,_0_1_2,_MXLA6MS0_MXLA6MS1_MXLA6MS2
MXL8Y1,_20_21_22,_MXL8Y1S20_MXL8Y1S21_MXL8Y1S22
MXL744,_0_1_2,_MXL744S0_MXL744S1_MXL744S2
